Gene Name	Protein Length
AAC1	309
AAC3	307
AAD10	288
AAD14	376
AAD15	143
AAD3	363
AAD4	329
AAH1	347
AAP1	856
AAR2	355
AAT1	451
AAT2	418
ABD1	436
ABF1	731
ABF2	183
ABM1	123
ABP1	592
ABP140	628
ABZ1	787
ABZ2	374
ACA1	489
ACB1	87
ACC1	2233
ACE2	770
ACF2	779
ACF4	309
ACH1	526
ACK1	623
ACL4	387
ACM1	209
ACO1	778
ACO2	789
ACP1	125
ACS1	713
ACS2	683
ACT1	375
ADA2	434
ADD37	198
ADD66	267
ADE1	306
ADE12	433
ADE13	482
ADE16	591
ADE17	592
ADE2	571
ADE3	946
ADE4	510
ADE57	802
ADE6	1358
ADE8	214
ADF1	113
ADH1	348
ADH2	348
ADH3	375
ADH4	382
ADH5	351
ADH6	360
ADH7	361
ADI1	179
ADK1	222
ADK2	225
ADO1	340
ADP1	1049
ADR1	1323
ADY2	283
ADY3	790
ADY4	493
AEP1	518
AEP2	580
AEP3	606
AFB1	224
AFG1	509
AFG2	780
AFG3	761
AFI1	893
AFR1	620
AFT1	690
AFT2	416
AGA1	725
AGA2	87
AGC1	902
AGE1	482
AGE2	298
AGP1	633
AGP2	596
AGP3	558
AGX1	385
AHA1	350
AHC1	566
AHC2	128
AHK1	984
AHP1	176
AHT1	182
AI1	834
AI2	854
AI3	415
AI4	556
AI5_ALPHA	630
AI5_BETA	354
AIF1	378
AIM10	576
AIM11	137
AIM14	570
AIM17	465
AIM18	321
AIM19	157
AIM2	246
AIM20	204
AIM21	679
AIM22	409
AIM23	356
AIM24	394
AIM25	327
AIM26	118
AIM29	155
AIM3	947
AIM32	311
AIM33	312
AIM34	198
AIM36	255
AIM39	395
AIM4	123
AIM41	185
AIM44	758
AIM45	344
AIM46	310
AIM6	390
AIM7	149
AIM9	627
AIP1	615
AIP5	1233
AIR1	360
AIR2	344
AKL1	1108
AKR1	764
AKR2	749
ALA1	958
ALB1	175
ALD2	506
ALD3	506
ALD4	519
ALD5	520
ALD6	500
ALE1	619
ALF1	254
ALG1	449
ALG11	548
ALG12	551
ALG13	202
ALG14	237
ALG2	503
ALG3	458
ALG5	334
ALG6	544
ALG7	448
ALG8	577
ALG9	555
ALK1	760
ALK2	676
ALO1	526
ALP1	573
ALR1	859
ALR2	858
ALT1	592
ALT2	507
ALY1	915
ALY2	1046
AMA1	593
AMD1	810
AMD2	549
AME1	324
AMF1	515
AMN1	549
AMS1	1083
ANB1	157
ANP1	500
ANR2	516
ANS1	159
ANT1	328
ANY1	405
AOS1	347
APA1	321
APA2	325
APC1	1748
APC11	165
APC2	853
APC4	652
APC5	685
APC9	265
APD1	316
APE1	514
APE2	952
APE3	537
APE4	490
API2	109
APJ1	528
APL1	700
APL2	726
APL3	1025
APL4	832
APL5	932
APL6	809
APM1	475
APM2	605
APM3	483
APM4	491
APN1	367
APN2	520
APP1	587
APQ12	138
APQ13	138
APS1	156
APS2	147
APS3	194
APT1	187
APT2	181
AQR1	586
AQY1	305
AQY2	149
AQY3	646
ARA1	344
ARA2	335
ARB1	610
ARC1	376
ARC15	154
ARC18	178
ARC19	171
ARC35	342
ARC40	384
ARD1	238
ARE1	610
ARE2	642
ARF1	181
ARF2	181
ARF3	183
ARG1	420
ARG2	574
ARG3	338
ARG4	463
ARG56	863
ARG7	441
ARG8	423
ARG80	177
ARG81	880
ARG82	355
ARH1	493
ARI1	347
ARK1	638
ARL1	183
ARL3	198
ARN1	627
ARN2	620
ARO1	1588
ARO10	635
ARO2	376
ARO3	370
ARO4	370
ARO7	256
ARO8	500
ARO80	950
ARO9	513
ARP1	384
ARP10	284
ARP2	391
ARP3	449
ARP4	489
ARP5	755
ARP6	438
ARP7	477
ARP8	881
ARP9	467
ARR1	294
ARR2	130
ARR3	404
ART10	518
ART5	586
ARV1	321
ARX1	593
ASA1	443
ASC1	319
ASE1	885
ASF1	279
ASF2	525
ASG1	964
ASG7	209
ASH1	588
ASI1	624
ASI2	289
ASI3	676
ASK1	292
ASK10	1146
ASM4	528
ASN1	572
ASN2	572
ASP1	381
ASP3-1	362
ASP3-2	362
ASP3-3	362
ASP3-4	362
ASR1	288
AST1	429
AST2	430
ATC1	294
ATE1	503
ATF1	525
ATF2	535
ATG1	897
ATG10	167
ATG11	1178
ATG12	186
ATG13	738
ATG14	344
ATG15	520
ATG16	150
ATG17	417
ATG18	500
ATG19	415
ATG2	1592
ATG20	640
ATG21	496
ATG22	528
ATG23	453
ATG26	1198
ATG27	271
ATG29	213
ATG3	310
ATG31	196
ATG32	529
ATG33	197
ATG34	412
ATG36	293
ATG38	226
ATG39	398
ATG4	494
ATG40	256
ATG41	136
ATG42	508
ATG5	294
ATG7	630
ATG8	117
ATG9	997
ATH1	1211
ATM1	690
ATO2	282
ATO3	275
ATP1	545
ATP10	279
ATP11	318
ATP12	325
ATP14	124
ATP15	62
ATP16	160
ATP17	101
ATP18	59
ATP19	68
ATP2	511
ATP20	115
ATP22	684
ATP23	270
ATP25	612
ATP3	311
ATP4	244
ATP5	212
ATP6	259
ATP7	174
ATP8	48
ATR1	542
ATR2	540
ATS1	333
ATX1	73
ATX2	313
AUA1	94
AUR1	401
AUS1	1394
AVL9	764
AVO1	1176
AVO2	426
AVT1	602
AVT2	480
AVT3	692
AVT4	713
AVT5	459
AVT6	448
AVT7	490
AXL1	1208
AXL2	823
AYR1	297
AYT1	474
AZF1	914
AZR1	613
BAG7	409
BAP2	609
BAP3	604
BAR1	587
BAS1	811
BAT1	393
BAT2	376
BBC1	1157
BBP1	385
BCD1	366
BCH1	724
BCH2	765
BCK1	1478
BCK2	851
BCP1	283
BCS1	456
BCY1	416
BDF1	686
BDF2	638
BDH1	382
BDH2	417
BDP1	594
BDS1	646
BEM1	551
BEM2	2167
BEM3	1128
BEM4	633
BER1	274
BET1	142
BET2	325
BET3	193
BET4	327
BET5	159
BFA1	574
BFR1	470
BFR2	534
BGL2	313
BI2	423
BI3	517
BI4	638
BIG1	335
BIK1	440
BIL1	76
BIL2	130
BIM1	344
BIO2	375
BIO3	480
BIO4	237
BIO5	561
BIR1	954
BIT2	545
BIT61	543
BLI1	113
BLM10	2143
BLS1	122
BMH1	267
BMH2	273
BMS1	1183
BMT2	337
BMT5	336
BMT6	365
BNA1	177
BNA2	453
BNA3	444
BNA4	460
BNA5	453
BNA6	295
BNA7	261
BNI1	1953
BNI4	892
BNI5	448
BNR1	1375
BNS1	137
BOI1	980
BOI2	1040
BOL1	110
BOL2	120
BOL3	118
BOP2	570
BOP3	396
BOR1	576
BOS1	244
BPH1	2167
BPL1	690
BPT1	1559
BRE1	700
BRE2	505
BRE4	1125
BRE5	515
BRF1	596
BRL1	471
BRN1	754
BRO1	844
BRP1	125
BRR1	341
BRR2	2163
BRR6	197
BRX1	291
BSC1	328
BSC2	235
BSC3	102
BSC4	131
BSC5	489
BSC6	497
BSD2	321
BSP1	576
BST1	1029
BTN2	410
BTS1	335
BTT1	149
BUB1	1021
BUB2	306
BUB3	341
BUD13	266
BUD14	709
BUD16	312
BUD17	317
BUD19	102
BUD2	1104
BUD20	166
BUD21	214
BUD22	519
BUD23	275
BUD25	153
BUD26	95
BUD27	796
BUD28	125
BUD3	1636
BUD30	193
BUD31	157
BUD32	261
BUD4	1447
BUD5	642
BUD6	788
BUD7	746
BUD8	603
BUD9	547
BUG1	341
BUL1	976
BUL2	920
BUR2	395
BUR6	142
BXI1	297
BYE1	594
BZZ1	633
CAB1	367
CAB2	365
CAB3	571
CAB4	305
CAB5	241
CAC2	468
CAD1	409
CAF120	1060
CAF130	1122
CAF16	289
CAF20	161
CAF4	643
CAF40	373
CAJ1	391
CAK1	368
CAM1	415
CAN1	590
CAP1	268
CAP2	287
CAR1	333
CAR2	424
CAT2	670
CAT5	233
CAT8	1433
CAX4	239
CBC2	208
CBF1	351
CBF2	956
CBF5	483
CBK1	756
CBP1	654
CBP2	630
CBP3	335
CBP4	170
CBP6	162
CBR1	284
CBS1	229
CBS2	389
CBT1	271
CCA1	546
CCC1	322
CCC2	1004
CCE1	353
CCH1	2039
CCL1	393
CCM1	864
CCP1	361
CCR4	837
CCS1	249
CCT2	527
CCT3	534
CCT4	528
CCT5	562
CCT6	546
CCT7	550
CCT8	568
CCW12	133
CCW14	238
CCZ1	704
CDA1	301
CDA2	312
CDC1	491
CDC10	322
CDC11	415
CDC12	407
CDC123	360
CDC13	924
CDC14	551
CDC15	974
CDC16	840
CDC19	500
CDC20	610
CDC21	304
CDC23	626
CDC24	854
CDC25	1589
CDC26	124
CDC27	758
CDC28	298
CDC3	520
CDC31	161
CDC33	213
CDC34	295
CDC36	191
CDC37	506
CDC39	2108
CDC4	779
CDC40	455
CDC42	191
CDC43	376
CDC45	650
CDC48	835
CDC5	705
CDC50	391
CDC53	815
CDC55	526
CDC6	513
CDC60	1090
CDC7	507
CDC73	393
CDC8	216
CDC9	755
CDD1	142
CDH1	566
CDS1	457
CEF1	590
CEG1	459
CEM1	442
CEP3	608
CET1	549
CEX1	761
CFD1	293
CFT1	1357
CFT2	859
CGI121	181
CGR1	120
CHA1	360
CHA4	648
CHC1	1653
CHD1	1468
CHK1	527
CHL1	861
CHL4	458
CHM7	450
CHO1	276
CHO2	869
CHS1	1131
CHS2	963
CHS3	1165
CHS5	671
CHS6	746
CHS7	316
CHZ1	153
CIA1	330
CIA2	231
CIC1	376
CIK1	594
CIN1	1014
CIN10	555
CIN2	268
CIN4	191
CIN5	295
CIN8	1000
CIP1	381
CIR1	261
CIR2	631
CIS1	101
CIS3	227
CIT1	479
CIT2	460
CIT3	486
CKA1	372
CKA2	339
CKB1	278
CKB2	258
CKI1	582
CKS1	150
CLA4	842
CLB1	471
CLB2	491
CLB3	427
CLB4	460
CLB5	435
CLB6	380
CLC1	233
CLD1	445
CLF1	687
CLG1	452
CLN1	546
CLN2	545
CLN3	580
CLP1	445
CLU1	1277
CMC1	111
CMC2	109
CMC4	73
CMD1	147
CMG1	274
CMI7	69
CMI8	80
CMK1	446
CMK2	447
CMP2	604
CMR1	522
CMR2	1648
CMR3	317
CMS1	291
CNA1	553
CNB1	175
CNE1	502
CNL1	122
CNM1	404
CNM67	581
CNN1	361
CNS1	385
COA1	197
COA2	68
COA3	85
COA4	150
COA6	104
COB	385
COF1	143
COG1	417
COG2	262
COG3	801
COG4	861
COG5	403
COG6	839
COG7	279
COG8	607
COI1	114
COM2	443
COP1	1201
COQ1	473
COQ10	207
COQ11	277
COQ2	372
COQ21	66
COQ3	312
COQ4	335
COQ5	307
COQ6	479
COQ8	501
COQ9	260
COR1	457
COS1	381
COS10	374
COS111	924
COS12	380
COS2	379
COS3	379
COS4	379
COS5	383
COS6	381
COS7	383
COS8	381
COS9	407
COT1	439
COX1	534
COX10	462
COX11	300
COX12	83
COX13	129
COX14	70
COX15	486
COX16	118
COX17	69
COX18	316
COX19	98
COX2	251
COX20	205
COX23	151
COX26	66
COX3	269
COX4	155
COX5A	153
COX5B	151
COX6	148
COX7	60
COX8	78
COX9	59
COY1	679
CPA1	411
CPA2	1118
CPD1	239
CPR1	162
CPR2	205
CPR3	182
CPR4	318
CPR5	225
CPR6	371
CPR7	393
CPR8	308
CPS1	576
CPT1	393
CQD1	657
CQD2	569
CRC1	327
CRD1	283
CRF1	467
CRG1	291
CRH1	507
CRM1	1084
CRN1	651
CRP1	465
CRR1	422
CRS1	767
CRT10	957
CRZ1	678
CSA1	221
CSC1	782
CSE1	960
CSE2	149
CSE4	229
CSF1	2958
CSG2	410
CSH1	376
CSI1	295
CSI2	341
CSL4	292
CSM1	190
CSM2	213
CSM3	317
CSM4	156
CSN9	162
CSR1	408
CSR2	1121
CSS1	995
CSS2	232
CSS3	171
CST26	397
CST6	587
CST9	482
CTA1	515
CTF13	478
CTF18	741
CTF19	369
CTF3	733
CTF4	927
CTF8	133
CTH1	325
CTI6	506
CTK1	528
CTK2	323
CTK3	296
CTL1	320
CTM1	585
CTO1	317
CTP1	299
CTR1	406
CTR2	189
CTR3	241
CTR86	563
CTR9	1077
CTS1	562
CTS2	511
CTT1	562
CUB1	551
CUE1	203
CUE2	443
CUE3	624
CUE4	117
CUE5	411
CUL3	744
CUP1-1	61
CUP1-2	61
CUP2	225
CUP9	306
CUR1	252
CUS1	436
CUS2	285
CUZ1	274
CWC15	175
CWC2	339
CWC21	135
CWC22	577
CWC23	283
CWC24	259
CWC25	179
CWC27	301
CWH41	833
CWH43	953
CWP1	239
CWP2	92
CYB2	591
CYB5	120
CYC1	109
CYC2	366
CYC3	269
CYC7	113
CYC8	966
CYK3	885
CYM1	989
CYR1	2026
CYS3	394
CYS4	507
CYT1	309
CYT2	224
DAD1	94
DAD2	133
DAD3	94
DAD4	72
DAK1	584
DAK2	591
DAL1	460
DAL2	343
DAL3	195
DAL4	635
DAL5	543
DAL7	554
DAL80	269
DAL81	970
DAL82	255
DAM1	343
DAN1	298
DAN4	1161
DAP1	152
DAP2	818
DAS1	663
DAS2	232
DAT1	248
DBF2	572
DBF20	564
DBF4	704
DBP1	617
DBP10	995
DBP2	546
DBP3	523
DBP5	482
DBP6	629
DBP7	742
DBP8	431
DBP9	594
DBR1	405
DCC1	380
DCD1	312
DCG1	244
DCI1	271
DCK1	1932
DCN1	269
DCP1	231
DCP2	970
DCR2	578
DCS1	350
DCS2	353
DCV1	202
DCW1	449
DDC1	612
DDI1	428
DDI2	225
DDI3	225
DDL1	715
DDP1	188
DDR2	61
DDR48	430
DED1	604
DED81	554
DEF1	738
DEG1	442
DEP1	405
DER1	211
DET1	334
DFG10	253
DFG16	619
DFG5	458
DFM1	341
DFR1	211
DGA1	418
DGK1	290
DGR1	48
DGR2	852
DHH1	506
DHR2	735
DIA1	336
DIA2	732
DIA3	468
DIA4	446
DIB1	143
DIC1	298
DID2	204
DID4	232
DIE2	525
DIF1	133
DIG1	452
DIG2	323
DIM1	318
DIN7	430
DIP2	943
DIP5	608
DIS3	1001
DIT1	536
DIT2	489
DJP1	432
DLD1	587
DLD2	530
DLD3	496
DLS1	167
DLT1	342
DMA1	416
DMA2	522
DMC1	334
DML1	475
DNA2	1522
DNF1	1571
DNF2	1612
DNF3	1656
DNL4	944
DNM1	757
DOA1	715
DOA4	926
DOC1	250
DOG1	246
DOG2	246
DOM34	386
DON1	365
DOP1	1698
DOS2	310
DOT1	582
DOT5	215
DOT6	670
DPA10	87
DPB11	764
DPB2	689
DPB3	201
DPB4	196
DPC13	154
DPC25	248
DPC29	290
DPC7	73
DPH1	425
DPH2	534
DPH5	300
DPH6	685
DPI34	294
DPI35	302
DPI8	74
DPL1	589
DPM1	267
DPP1	289
DPS1	557
DRE2	348
DRN1	507
DRS1	752
DRS2	1355
DSC2	322
DSC3	292
DSD1	428
DSE1	573
DSE2	325
DSE3	430
DSE4	1117
DSF1	502
DSF2	736
DSK2	373
DSL1	754
DSN1	576
DSS1	969
DSS4	143
DST1	309
DTD1	150
DTR1	572
DUF1	1116
DUG1	481
DUG2	878
DUG3	357
DUN1	513
DUO1	247
DUR12	1835
DUR3	735
DUS1	423
DUS3	668
DUS4	367
DUT1	147
DXO1	442
DYN1	4092
DYN2	92
DYN3	312
DYS1	387
EAF1	982
EAF3	401
EAF5	279
EAF6	113
EAF7	425
EAP1	632
EAR1	550
EAT1	328
EBP2	427
EBS1	884
ECI1	280
ECL1	211
ECM1	212
ECM10	644
ECM11	302
ECM12	151
ECM13	257
ECM14	430
ECM15	104
ECM16	1267
ECM18	453
ECM19	112
ECM2	364
ECM21	1117
ECM22	814
ECM23	187
ECM25	599
ECM27	725
ECM29	1868
ECM3	613
ECM30	1274
ECM31	312
ECM32	1121
ECM33	429
ECM34	170
ECM38	660
ECM4	370
ECM5	1411
ECM7	448
ECM8	354
ECM9	377
ECO1	281
ECT1	323
EDC1	175
EDC2	145
EDC3	551
EDE1	1381
EDS1	919
EEB1	456
EFB1	206
EFG1	233
EFM1	585
EFM2	419
EFM3	339
EFM4	257
EFM5	248
EFM6	246
EFR3	782
EFT1	842
EFT2	842
EGD1	157
EGD2	174
EGH1	764
EGO2	75
EGO4	98
EGT2	1041
EHD3	500
EHT1	451
EIS1	843
EKI1	534
ELA1	379
ELC1	99
ELF1	145
ELG1	791
ELM1	640
ELO1	310
ELO2	347
ELO3	345
ELP2	788
ELP3	557
ELP4	456
ELP6	273
EMA17	142
EMA19	161
EMA35	316
EMC1	760
EMC10	205
EMC2	292
EMC3	253
EMC4	190
EMC5	141
EMC6	108
EMG1	252
EMI1	187
EMI2	500
EMP24	203
EMP46	444
EMP47	445
EMP65	556
EMP70	667
EMW1	904
ENA1	1091
ENA2	1091
ENA5	1091
ENB1	606
END3	349
ENO1	437
ENO2	437
ENP1	483
ENP2	707
ENT1	454
ENT2	613
ENT3	408
ENT4	247
ENT5	411
ENV11	860
ENV7	364
ENV9	330
EOS1	366
EPL1	832
EPO1	943
EPS1	701
EPT1	391
ERB1	807
ERC1	581
ERD1	362
ERD2	219
ERF2	359
ERG1	496
ERG10	398
ERG11	530
ERG12	443
ERG13	491
ERG2	222
ERG20	352
ERG24	438
ERG25	309
ERG26	349
ERG27	347
ERG28	148
ERG29	237
ERG3	365
ERG4	473
ERG5	538
ERG6	383
ERG7	731
ERG8	451
ERG9	444
ERI1	68
ERJ5	295
ERO1	563
ERP1	219
ERP2	215
ERP3	225
ERP4	207
ERP5	212
ERP6	216
ERR1	437
ERR2	437
ERR3	437
ERS1	260
ERT1	529
ERV1	189
ERV14	138
ERV15	142
ERV2	196
ERV25	211
ERV29	310
ERV41	352
ERV46	415
ESA1	445
ESBP6	673
ESC1	1658
ESC2	456
ESC8	714
ESF1	628
ESF2	316
ESL1	1118
ESL2	1195
ESP1	1630
ESS1	170
EST1	699
EST2	884
EST3	181
ETP1	585
ETR1	380
ETT1	412
EUC1	462
EUG1	517
EXG1	448
EXG2	562
EXO1	702
EXO5	585
EXO70	623
EXO84	753
EXP1	149
FAA1	700
FAA2	744
FAA3	694
FAA4	694
FAB1	2278
FAD1	306
FAF1	346
FAL1	399
FAP1	965
FAP7	197
FAR1	830
FAR10	478
FAR11	953
FAR3	204
FAR7	221
FAR8	523
FAS1	2051
FAS2	1887
FAT1	669
FAT3	750
FAU1	211
FBA1	359
FBP1	348
FBP26	452
FCF1	189
FCF2	217
FCP1	732
FCY1	158
FCY2	533
FCY21	528
FCY22	530
FDC1	503
FDH1	376
FDO1	342
FEN2	512
FES1	290
FET3	636
FET4	552
FET5	622
FEX1	375
FEX2	375
FHL1	936
FHN1	174
FIG1	298
FIG2	1609
FIG4	879
FIN1	291
FIP1	327
FIR1	876
FIS1	155
FIT1	528
FIT2	153
FIT3	204
FKH1	484
FKH2	862
FKS1	1876
FKS3	1785
FLC1	793
FLC2	783
FLC3	802
FLO1	1537
FLO10	1169
FLO11	1367
FLO5	1075
FLO9	1322
FLP1	423
FLR1	548
FLX1	311
FMC1	155
FMN1	218
FMO1	432
FMP10	244
FMP16	93
FMP23	175
FMP25	583
FMP27	2628
FMP30	468
FMP32	207
FMP33	180
FMP40	688
FMP41	259
FMP42	504
FMP45	309
FMP46	133
FMP48	369
FMP49	126
FMP52	231
FMS1	508
FMT1	401
FOB1	566
FOL1	824
FOL2	243
FOL3	427
FOX2	900
FPK1	893
FPR1	114
FPR2	135
FPR3	411
FPR4	392
FPS1	669
FPY1	274
FRA1	749
FRD1	470
FRE1	686
FRE2	711
FRE3	711
FRE4	719
FRE5	694
FRE6	712
FRE7	620
FRE8	686
FRK1	865
FRM2	193
FRQ1	190
FRS1	595
FRS2	503
FRT1	602
FRT2	528
FSF1	327
FSH1	243
FSH2	223
FSH3	266
FTH1	465
FTR1	404
FUB1	250
FUI1	639
FUM1	488
FUN12	1002
FUN14	198
FUN19	413
FUN26	517
FUN30	1131
FUR1	216
FUR4	633
FUS1	512
FUS2	677
FUS3	353
FYV1	161
FYV10	516
FYV12	129
FYV4	130
FYV5	152
FYV6	173
FYV7	151
FYV8	817
FZF1	299
FZO1	855
GAA1	614
GAB1	394
GAC1	793
GAD1	585
GAL1	528
GAL10	699
GAL11	1081
GAL2	574
GAL3	520
GAL4	881
GAL7	366
GAL80	435
GAL83	417
GAP1	602
GAR1	205
GAS1	559
GAS2	555
GAS3	524
GAS4	471
GAS5	484
GAT1	510
GAT2	560
GAT3	141
GAT4	121
GBP2	427
GCD1	578
GCD10	478
GCD11	527
GCD14	383
GCD2	651
GCD6	712
GCD7	381
GCG1	232
GCN1	2672
GCN2	1659
GCN20	752
GCN3	305
GCN4	281
GCN5	439
GCR1	785
GCR2	534
GCS1	352
GCV1	400
GCV2	1034
GCV3	170
GCY1	312
GDA1	518
GDB1	1536
GDE1	1223
GDH1	454
GDH2	1092
GDH3	457
GDI1	451
GDS1	522
GDT1	280
GEA1	1408
GEA2	1459
GEF1	779
GEM1	662
GEP3	556
GEP4	185
GEP5	293
GEP7	287
GET1	235
GET2	285
GET3	354
GET4	312
GEX1	615
GEX2	615
GFA1	717
GFD1	188
GFD2	566
GGA1	557
GGA2	585
GGC1	300
GIC1	314
GIC2	383
GID10	292
GID11	730
GID7	745
GID8	455
GIM3	129
GIM4	111
GIM5	163
GIN4	1142
GIP1	639
GIP2	548
GIP3	1276
GIP4	760
GIR2	265
GIS1	894
GIS2	153
GIS3	502
GIS4	774
GIT1	518
GLC3	704
GLC7	312
GLC8	229
GLD1	294
GLE1	538
GLE2	365
GLG1	616
GLG2	380
GLK1	500
GLN1	370
GLN3	730
GLN4	809
GLO1	326
GLO2	274
GLO3	493
GLO4	285
GLR1	483
GLT1	2145
GLY1	387
GMC1	608
GMC2	188
GMH1	273
GNA1	159
GND1	489
GND2	492
GNP1	663
GNT1	491
GON7	123
GOR1	350
GOS1	223
GOT1	138
GPA1	472
GPA2	449
GPB1	897
GPB2	880
GPC1	432
GPD1	391
GPD2	440
GPG1	126
GPH1	902
GPI1	609
GPI10	616
GPI11	219
GPI12	304
GPI13	1017
GPI14	403
GPI15	229
GPI16	610
GPI17	534
GPI18	433
GPI19	140
GPI2	280
GPI8	411
GPM1	247
GPM2	311
GPM3	303
GPN2	347
GPN3	272
GPP1	250
GPP2	250
GPR1	961
GPT2	743
GPX1	167
GPX2	162
GRC3	632
GRE1	168
GRE2	342
GRE3	327
GRH1	372
GRR1	1151
GRS1	667
GRS2	618
GRX1	110
GRX2	143
GRX3	250
GRX4	244
GRX5	150
GRX6	231
GRX7	203
GRX8	109
GSC2	1895
GSF2	403
GSH1	678
GSH2	491
GSM1	618
GSP1	219
GSP2	220
GSY1	708
GSY2	705
GTA1	956
GTB1	702
GTF1	183
GTO1	356
GTO3	366
GTR1	310
GTR2	341
GTS1	396
GTT1	234
GTT2	233
GTT3	337
GUA1	525
GUD1	489
GUF1	645
GUK1	187
GUP1	560
GUP2	609
GUS1	708
GUT1	709
GUT2	649
GVP36	326
GWT1	490
GYL1	720
GYP1	637
GYP5	894
GYP6	458
GYP7	746
GYP8	497
GZF3	551
HAA1	694
HAC1	238
HAL1	294
HAL5	855
HAL9	1030
HAM1	197
HAP1	1502
HAP2	265
HAP3	144
HAP4	554
HAP5	242
HAS1	505
HAT1	374
HAT2	401
HBN1	193
HBS1	611
HBT1	1046
HCA4	770
HCH1	153
HCM1	564
HCR1	265
HCS1	683
HDA1	706
HDA2	674
HDA3	655
HED1	162
HEF3	1044
HEH2	663
HEK2	381
HEL1	551
HEL2	639
HEM1	548
HEM12	362
HEM13	328
HEM14	539
HEM15	393
HEM2	342
HEM25	307
HEM3	327
HEM4	275
HER1	1246
HER2	464
HES1	434
HFA1	2123
HFD1	532
HFI1	488
HFL1	418
HFM1	1187
HGH1	394
HHF1	103
HHF2	103
HHO1	258
HHT1	136
HHT2	136
HHY1	102
HIF1	385
HIM1	414
HIP1	603
HIR1	840
HIR2	875
HIR3	1648
HIS1	297
HIS2	335
HIS3	220
HIS4	799
HIS5	385
HIS6	261
HIS7	552
HIT1	164
HKR1	1802
HLJ1	224
HLR1	423
HMF1	129
HMG1	1054
HMG2	1045
HMI1	706
HMLALPHA1	175
HMLALPHA2	210
HMO1	246
HMRA1	126
HMRA2	119
HMS1	434
HMS2	358
HMT1	348
HMX1	317
HNM1	563
HNT1	158
HNT2	217
HNT3	217
HO	586
HOC1	396
HOF1	669
HOG1	435
HOL1	586
HOM2	365
HOM3	527
HOM6	359
HOP1	605
HOP2	214
HOR7	59
HOS1	470
HOS2	452
HOS3	697
HOS4	1083
HOT1	719
HOT13	116
HPA2	156
HPA3	161
HPC2	625
HPF1	967
HPM1	377
HPR1	752
HPT1	221
HRB1	454
HRD1	551
HRD3	833
HRI1	244
HRK1	759
HRP1	534
HRQ1	1077
HRR25	494
HRT1	121
HRT3	344
HSC82	705
HSE1	452
HSF1	833
HSH155	971
HSH49	213
HSK3	69
HSL1	1518
HSL7	827
HSM3	480
HSP10	106
HSP104	908
HSP12	109
HSP150	413
HSP26	214
HSP30	332
HSP31	237
HSP32	237
HSP33	237
HSP42	375
HSP60	572
HSP78	811
HSP82	709
HST1	503
HST2	357
HST3	447
HST4	370
HSV2	448
HTA1	132
HTA2	132
HTB1	131
HTB2	131
HTC1	198
HTD2	280
HTL1	78
HTS1	546
HTZ1	134
HUA1	198
HUA2	243
HUB1	73
HUG1	68
HUL4	892
HUL5	910
HUR1	110
HUT1	339
HVG1	249
HXK1	485
HXK2	486
HXT1	570
HXT10	546
HXT11	567
HXT13	564
HXT14	540
HXT15	567
HXT16	567
HXT17	564
HXT2	541
HXT3	567
HXT4	576
HXT5	592
HXT6	570
HXT7	570
HXT8	569
HXT9	567
HYM1	399
HYP2	157
HYR1	163
IAH1	238
IAI11	193
IBA57	497
IBD2	351
ICE2	491
ICL1	557
ICL2	575
ICP55	511
ICS2	255
ICS3	131
ICT1	394
ICY1	127
IDH1	360
IDH2	369
IDI1	288
IDP1	428
IDP2	412
IDP3	420
IDS2	469
IES1	692
IES2	320
IES3	250
IES4	116
IES5	125
IES6	166
IFA38	347
IFH1	1085
IFM1	676
IGD1	195
IGO1	168
IGO2	131
IKI1	309
IKI3	1349
IKS1	667
ILM1	203
ILS1	1072
ILT1	310
ILV1	576
ILV2	687
ILV3	585
ILV5	395
ILV6	309
IMA1	589
IMA2	589
IMA3	589
IMA4	589
IMA5	581
IMD1	403
IMD2	523
IMD3	523
IMD4	524
IME1	360
IME2	645
IME4	600
IMG1	169
IMG2	146
IMH1	911
IML1	1584
IML2	731
IML3	245
IMO32	342
IMP1	190
IMP2	177
IMP21	346
IMP3	183
IMP4	290
INA1	675
INA17	182
INA22	216
INH1	85
INM1	295
INM2	292
INN1	409
INO1	533
INO2	304
INO4	151
INO80	1489
INP1	420
INP2	705
INP51	946
INP52	1183
INP53	1107
INP54	384
IOC2	812
IOC3	787
IOC4	475
IPA1	347
IPF1	708
IPI1	334
IPI3	555
IPK1	281
IPL1	367
IPP1	287
IPT1	527
IQG1	1495
IRA1	3092
IRA2	3079
IRC10	586
IRC11	156
IRC13	104
IRC14	113
IRC15	499
IRC16	119
IRC18	224
IRC19	230
IRC2	102
IRC20	1556
IRC21	201
IRC22	225
IRC23	157
IRC24	263
IRC25	179
IRC3	689
IRC4	179
IRC5	853
IRC6	237
IRC7	340
IRC8	822
IRC9	130
IRE1	1115
IRR1	1150
IRS4	615
ISA1	250
ISA2	185
ISC1	477
ISC10	267
ISD11	94
ISF1	338
ISM1	1002
ISN1	450
ISR1	443
IST1	298
IST2	946
IST3	148
ISU1	165
ISU2	156
ISW1	1129
ISW2	1120
ISY1	235
ITC1	1264
ITR1	584
ITR2	609
ITT1	464
IVY1	453
IWR1	353
IXR1	597
IZH1	316
IZH2	317
IZH3	543
IZH4	312
JAC1	184
JEM1	645
JEN1	616
JHD1	492
JHD2	728
JID1	301
JIP3	125
JIP4	876
JIP5	492
JJJ1	590
JJJ2	583
JJJ3	172
JLP1	412
JLP2	208
JNM1	373
JSN1	1091
KAE1	386
KAP104	918
KAP114	1004
KAP120	1032
KAP122	1081
KAP123	1113
KAP95	861
KAR1	433
KAR2	682
KAR3	729
KAR4	335
KAR5	504
KAR9	644
KCC4	1037
KCH1	497
KCS1	1050
KDX1	433
KEG1	200
KEI1	221
KEL1	1164
KEL2	882
KEL3	651
KES1	434
KEX1	729
KEX2	814
KGD1	1014
KGD2	463
KHA1	873
KIC1	1080
KIN1	1064
KIN2	1147
KIN28	306
KIN3	435
KIN4	800
KIN82	720
KIP1	1111
KIP2	706
KIP3	805
KKQ8	724
KNH1	268
KNS1	737
KOG1	1557
KRE1	313
KRE2	442
KRE28	385
KRE29	464
KRE33	1056
KRE5	1365
KRE6	720
KRE9	276
KRI1	591
KRR1	316
KRS1	591
KSH1	72
KSP1	1029
KSS1	368
KTI11	82
KTI12	313
KTR1	393
KTR2	425
KTR3	404
KTR4	464
KTR5	522
KTR6	446
KTR7	517
KXD1	218
LAA1	2014
LAA2	280
LAC1	418
LAF1	834
LAG1	411
LAG2	660
LAM1	1228
LAM4	1345
LAM5	674
LAM6	693
LAP2	671
LAP3	454
LAS1	502
LAS17	633
LAS21	830
LAT1	482
LCB1	558
LCB2	561
LCB3	409
LCB4	624
LCB5	687
LCD1	747
LCL1	101
LCL2	131
LCL3	274
LCP5	357
LDB16	256
LDB17	491
LDB18	179
LDB19	818
LDB7	180
LDH1	375
LDO16	148
LDO45	412
LDS1	325
LDS2	356
LEA1	238
LEE1	301
LEM3	414
LEO1	464
LEU1	779
LEU2	364
LEU3	886
LEU4	619
LEU5	357
LEU9	604
LGE1	332
LHP1	275
LHS1	881
LIA1	325
LIF1	421
LIH1	328
LIN1	340
LIP1	150
LIP2	328
LIP5	414
LMO1	665
LNP1	278
LOA1	300
LOC1	204
LOG1	245
LOH1	219
LOS1	1100
LOT5	306
LOT6	191
LPD1	499
LPL1	450
LPP1	274
LPX1	387
LRE1	583
LRG1	1017
LRO1	661
LRP1	184
LRS4	347
LSB1	241
LSB3	459
LSB5	354
LSB6	607
LSC1	329
LSC2	427
LSG1	640
LSM1	172
LSM12	187
LSM2	95
LSM3	89
LSM4	187
LSM5	93
LSM6	86
LSM7	115
LSM8	109
LSO1	93
LSO2	92
LSP1	341
LST4	828
LST7	242
LST8	303
LTE1	1435
LTO1	162
LTP1	161
LTV1	463
LUC7	261
LUG1	807
LYP1	611
LYS1	373
LYS12	371
LYS14	790
LYS2	1392
LYS20	428
LYS21	440
LYS4	693
LYS5	272
LYS9	446
MAC1	417
MAD1	749
MAD2	196
MAD3	515
MAE1	669
MAF1	395
MAG1	296
MAG2	670
MAK10	733
MAK11	468
MAK16	306
MAK21	1025
MAK3	176
MAK31	88
MAK32	363
MAK5	773
MAL11	616
MAL12	584
MAL13	473
MAL31	614
MAL32	584
MAL33	468
MAM1	302
MAM3	706
MAM33	266
MAN2	502
MAP1	387
MAP2	421
MAS1	462
MAS2	482
MATALPHA1	175
MATALPHA2	210
MAY24	140
MBA1	278
MBB1	108
MBF1	151
MBP1	833
MBR1	339
MCA1	432
MCD1	566
MCD4	919
MCH1	486
MCH2	473
MCH4	501
MCH5	521
MCK1	375
MCM1	286
MCM10	571
MCM16	181
MCM2	868
MCM21	368
MCM22	239
MCM3	971
MCM4	933
MCM5	775
MCM6	1017
MCM7	845
MCO10	90
MCO12	99
MCO14	120
MCO32	283
MCO6	52
MCO8	73
MCP1	302
MCR1	302
MCT1	360
MCX1	520
MCY1	393
MDE1	244
MDG1	366
MDH1	334
MDH2	377
MDH3	343
MDJ1	511
MDJ2	146
MDL1	695
MDL2	773
MDM1	1127
MDM10	493
MDM12	271
MDM20	796
MDM30	598
MDM31	579
MDM32	622
MDM34	459
MDM35	86
MDM36	579
MDM38	573
MDR1	950
MDS3	1487
MDV1	714
MDY2	212
MEC1	2368
MEC3	474
MED1	566
MED11	131
MED2	431
MED4	284
MED6	295
MED7	222
MED8	223
MEF1	761
MEF2	819
MEH1	184
MEI4	408
MEI5	222
MEK1	497
MEO1	68
MEP1	492
MEP2	499
MEP3	489
MER1	270
MES1	751
MET1	593
MET10	1035
MET12	657
MET13	600
MET14	202
MET16	261
MET17	444
MET18	1032
MET2	486
MET22	357
MET28	187
MET3	511
MET30	640
MET31	177
MET32	191
MET4	672
MET5	1442
MET6	767
MET7	548
MET8	274
MEU1	337
MEX67	599
MFA1	36
MFA2	38
MF(ALPHA)1	165
MF(ALPHA)2	120
MFB1	465
MFG1	458
MFM1	413
MFT1	392
MGA1	456
MGA2	1113
MGE1	228
MGL2	449
MGM1	881
MGM101	269
MGP12	114
MGR1	417
MGR2	113
MGR3	501
MGS1	587
MGT1	188
MHF1	90
MHF2	80
MHO1	338
MHP1	1398
MHR1	226
MHT1	324
MIA40	403
MIC10	97
MIC12	106
MIC19	170
MIC26	233
MIC27	234
MIC60	540
MID1	548
MID2	376
MIF2	549
MIG1	504
MIG2	382
MIG3	394
MIH1	554
MIL1	1073
MIM1	113
MIM2	87
MIN10	87
MIN3	28
MIN4	36
MIN6	59
MIN7	67
MIN8	72
MIN9	75
MIP1	1254
MIP6	659
MIR1	311
MIS1	975
MIT1	666
MIX14	121
MIX17	156
MIX23	196
MKC7	596
MKK1	508
MKK2	506
MKS1	584
MKT1	830
MLC1	149
MLC2	163
MLF3	452
MLH1	769
MLH2	695
MLH3	715
MLO1	134
MLO127	1121
MLO50	428
MLP1	1875
MLP2	1679
MLS1	554
MME1	368
MMF1	145
MMM1	426
MMO1	106
MMP1	583
MMR1	491
MMS1	1407
MMS2	137
MMS21	267
MMS22	1454
MMS4	691
MMT1	510
MMT2	484
MNC1	66
MND1	219
MND2	368
MNE1	663
MNL1	796
MNL2	849
MNN1	762
MNN10	393
MNN11	422
MNN14	935
MNN2	597
MNN4	1178
MNN5	586
MNN9	395
MNP1	194
MNR2	969
MNS1	549
MNT2	558
MNT3	630
MNT4	580
MOB1	314
MOB2	287
MOD5	428
MOG1	218
MOH1	138
MON1	644
MON2	1636
MOR1	132
MOT1	1867
MOT2	587
MOT3	490
MPA43	542
MPC1	130
MPC2	129
MPC3	146
MPC54	464
MPD1	318
MPD2	277
MPE1	441
MPH1	993
MPH2	609
MPH3	602
MPM1	252
MPO1	174
MPP10	593
MPP6	186
MPS1	764
MPS2	387
MPS3	682
MPT5	859
MRC1	1096
MRD1	887
MRE11	692
MRF1	413
MRH1	320
MRH4	561
MRI1	411
MRK1	501
MRL1	381
MRM1	412
MRM2	320
MRN1	612
MRP1	321
MRP10	95
MRP13	339
MRP17	131
MRP2	115
MRP20	263
MRP21	177
MRP35	115
MRP4	394
MRP49	137
MRP51	344
MRP7	371
MRP8	219
MRPL1	285
MRPL10	322
MRPL11	249
MRPL13	264
MRPL15	253
MRPL16	232
MRPL17	281
MRPL19	158
MRPL20	195
MRPL22	309
MRPL23	163
MRPL24	258
MRPL25	157
MRPL27	146
MRPL28	147
MRPL3	390
MRPL31	131
MRPL32	183
MRPL33	86
MRPL35	367
MRPL36	177
MRPL37	105
MRPL38	138
MRPL39	70
MRPL4	319
MRPL40	297
MRPL44	98
MRPL49	161
MRPL50	139
MRPL51	140
MRPL6	214
MRPL7	292
MRPL8	238
MRPL9	269
MRPS12	153
MRPS16	121
MRPS17	237
MRPS18	217
MRPS28	286
MRPS35	345
MRPS5	307
MRPS8	155
MRPS9	278
MRS1	363
MRS2	470
MRS3	314
MRS4	304
MRS6	603
MRT4	236
MRX1	688
MRX10	414
MRX11	207
MRX12	519
MRX14	105
MRX15	256
MRX16	495
MRX18	501
MRX19	320
MRX20	309
MRX21	326
MRX3	270
MRX4	430
MRX6	524
MRX7	86
MRX8	314
MRX9	420
MSA1	629
MSA2	363
MSB1	1137
MSB2	1306
MSB3	633
MSB4	492
MSC1	513
MSC2	724
MSC3	728
MSC6	692
MSC7	644
MSD1	658
MSE1	536
MSF1	469
MSG5	489
MSH1	959
MSH2	964
MSH3	1018
MSH4	878
MSH5	901
MSH6	1242
MSI1	422
MSK1	576
MSL1	111
MSL5	476
MSM1	575
MSN1	382
MSN2	704
MSN4	630
MSN5	1224
MSO1	210
MSP1	362
MSR1	643
MSS1	526
MSS11	758
MSS116	664
MSS18	268
MSS2	351
MSS4	779
MSS51	436
MST1	462
MST27	234
MST28	234
MSW1	379
MSY1	492
MTC1	478
MTC2	357
MTC3	123
MTC4	694
MTC5	1148
MTC6	526
MTC7	139
MTD1	320
MTE1	271
MTF1	341
MTF2	440
MTG1	367
MTG2	518
MTH1	433
MTL1	551
MTM1	366
MTO1	669
MTQ1	314
MTQ2	221
MTR10	972
MTR2	184
MTR3	250
MTR4	1073
MTW1	289
MUB1	620
MUD1	298
MUD2	527
MUK1	612
MUM2	366
MUM3	479
MUP1	574
MUP3	546
MUS81	632
MVB12	101
MVD1	396
MVP1	511
MXR1	184
MXR2	168
MYG1	338
MYO1	1928
MYO2	1574
MYO3	1272
MYO4	1471
MYO5	1219
MZM1	123
NAB2	525
NAB3	802
NAB6	1134
NAF1	492
NAG1	163
NAM2	894
NAM7	971
NAM8	523
NAM9	486
NAN1	896
NAP1	417
NAR1	491
NAS2	220
NAS6	228
NAT1	854
NAT2	288
NAT3	195
NAT4	285
NAT5	176
NBA1	501
NBL1	73
NBP1	319
NBP2	236
NBP35	328
NCA2	616
NCA3	337
NCB2	146
NCE101	53
NCE102	173
NCE103	221
NCL1	684
NCP1	691
NCR1	1170
NCS2	493
NCS6	359
NCW1	84
NCW2	254
NDC1	655
NDC80	691
NDD1	554
NDE1	560
NDE2	545
NDI1	513
NDJ1	352
NDL1	189
NDT80	627
NEJ1	342
NEL1	630
NEM1	446
NEO1	1151
NET1	1189
NEW1	1196
NFG1	161
NFI1	726
NFS1	497
NFT1	1218
NFU1	256
NGG1	702
NGL1	363
NGL2	515
NGL3	505
NGR1	672
NHA1	985
NHP10	203
NHP2	156
NHP6A	93
NHP6B	99
NHX1	633
NIC96	839
NIF3	288
NIP1	812
NIP100	868
NIP7	181
NIS1	407
NIT1	199
NIT2	307
NIT3	291
NKP1	238
NKP2	153
NMA1	401
NMA111	997
NMA2	395
NMD2	1089
NMD3	518
NMD4	218
NMD5	1048
NMT1	455
NNF1	201
NNF2	936
NNK1	928
NNR1	246
NNR2	337
NNT1	261
NOB1	459
NOC2	710
NOC3	663
NOC4	552
NOG1	647
NOG2	486
NOP1	327
NOP10	58
NOP12	459
NOP13	403
NOP14	810
NOP15	220
NOP16	231
NOP19	196
NOP2	618
NOP4	685
NOP53	455
NOP56	504
NOP58	511
NOP6	225
NOP7	605
NOP8	484
NOP9	666
NOT3	836
NOT5	560
NPA3	385
NPC2	173
NPL3	414
NPL4	580
NPL6	435
NPP1	742
NPP2	493
NPR1	790
NPR2	615
NPR3	1146
NPT1	429
NPY1	384
NQM1	333
NRD1	575
NRE1	254
NRG1	231
NRG2	220
NRK1	240
NRM1	249
NRP1	719
NRT1	598
NSA1	463
NSA2	261
NSE1	336
NSE3	303
NSE4	402
NSE5	556
NSG1	291
NSG2	299
NSI1	570
NSL1	216
NSP1	823
NSR1	414
NST1	1240
NTA1	457
NTC20	140
NTE1	1679
NTF2	125
NTG1	399
NTG2	380
NTH1	751
NTH2	780
NTO1	748
NTR2	322
NUC1	329
NUD1	851
NUF2	451
NUG1	520
NUM1	2748
NUP1	1076
NUP100	959
NUP116	1113
NUP120	1037
NUP133	1157
NUP145	1317
NUP157	1391
NUP159	1460
NUP170	1502
NUP188	1655
NUP192	1683
NUP2	720
NUP42	430
NUP49	472
NUP53	475
NUP57	541
NUP60	539
NUP82	713
NUP84	726
NUP85	744
NUR1	484
NUS1	375
NUT1	1132
NUT2	157
NVJ1	321
NVJ2	770
NVJ3	463
NYV1	253
OAC1	324
OAF1	1047
OAF3	863
OAR1	278
OAZ1	292
OCA1	238
OCA2	197
OCA4	362
OCA5	679
OCA6	224
OCH1	480
OCT1	772
ODC1	310
ODC2	307
OGG1	376
OKP1	406
OLA1	394
OLE1	510
OLI1	76
OM14	134
OM45	393
OMA1	345
OMS1	471
OPI1	404
OPI10	246
OPI11	117
OPI3	206
OPI6	108
OPI7	144
OPI8	213
OPI9	285
OPT1	799
OPT2	877
OPY1	328
OPY2	360
ORC1	914
ORC2	620
ORC3	616
ORC4	529
ORC5	479
ORC6	435
ORM1	222
ORM2	216
ORT1	292
OSH2	1283
OSH3	996
OSH6	448
OSH7	437
OSI1	256
OSM1	501
OST1	476
OST2	130
OST3	350
OST4	36
OST5	86
OST6	332
OSW1	278
OSW2	724
OSW7	510
OTU1	301
OTU2	307
OXA1	402
OXP1	1286
OXR1	273
OYE2	400
OYE3	400
PAA1	191
PAB1	577
PAC1	494
PAC10	199
PAC11	533
PAC2	518
PAD1	242
PAF1	445
PAH1	862
PAI3	68
PAL1	499
PAL2	366
PAM1	830
PAM16	149
PAM17	197
PAM18	168
PAN1	1480
PAN2	1115
PAN3	679
PAN5	379
PAN6	309
PAP1	568
PAP2	584
PAR32	295
PAT1	796
PAU1	120
PAU10	120
PAU11	120
PAU12	120
PAU13	120
PAU14	120
PAU15	124
PAU16	123
PAU17	124
PAU18	120
PAU19	124
PAU2	120
PAU20	120
PAU21	164
PAU22	164
PAU23	124
PAU24	120
PAU3	124
PAU4	120
PAU5	122
PAU6	120
PAU7	55
PAU8	120
PAU9	42
PBA1	276
PBI1	517
PBI2	75
PBN1	416
PBP1	722
PBP2	413
PBP4	185
PBR1	407
PBS2	668
PBY1	753
PCA1	1216
PCC1	88
PCD1	340
PCF11	626
PCH2	564
PCI8	444
PCK1	549
PCL1	279
PCL10	433
PCL2	308
PCL5	229
PCL6	420
PCL7	285
PCL8	492
PCL9	304
PCM1	557
PCP1	346
PCS60	543
PCT1	424
PDA1	420
PDB1	366
PDC1	563
PDC2	925
PDC5	563
PDC6	563
PDE1	369
PDE2	526
PDH1	516
PDI1	522
PDL32	284
PDP3	304
PDR1	1068
PDR10	1564
PDR11	1411
PDR12	1511
PDR15	1529
PDR16	351
PDR17	350
PDR18	1333
PDR3	976
PDR5	1511
PDR8	701
PDS1	373
PDS5	1277
PDX1	410
PDX3	228
PEA2	420
PEF1	335
PEP1	1579
PEP12	288
PEP3	918
PEP4	405
PEP5	1029
PEP7	515
PEP8	379
PER1	357
PER33	273
PES4	611
PET100	111
PET111	800
PET112	541
PET117	107
PET122	254
PET123	318
PET127	800
PET130	347
PET18	215
PET191	108
PET20	253
PET309	965
PET494	489
PET54	293
PET8	284
PET9	318
PEX1	1043
PEX10	337
PEX11	236
PEX12	399
PEX13	386
PEX14	341
PEX15	383
PEX17	199
PEX18	283
PEX19	342
PEX2	271
PEX21	288
PEX22	180
PEX25	394
PEX27	376
PEX28	579
PEX29	554
PEX3	441
PEX30	523
PEX31	462
PEX32	413
PEX34	144
PEX35	376
PEX4	183
PEX5	612
PEX6	1030
PEX7	375
PEX8	589
PEX9	514
PFA3	336
PFA4	378
PFA5	374
PFD1	109
PFF1	976
PFK1	987
PFK2	959
PFK26	827
PFK27	397
PFS1	237
PFS2	465
PFU1	478
PFY1	126
PGA1	198
PGA2	129
PGA3	312
PGC1	321
PGD1	397
PGI1	554
PGK1	416
PGM1	570
PGM2	569
PGS1	521
PGU1	361
PHA2	334
PHB1	287
PHB2	310
PHD1	366
PHM6	104
PHM7	991
PHM8	321
PHO11	467
PHO12	467
PHO13	312
PHO2	559
PHO23	330
PHO3	467
PHO4	312
PHO5	467
PHO8	566
PHO80	293
PHO81	1178
PHO84	587
PHO85	305
PHO86	311
PHO87	923
PHO89	574
PHO90	881
PHO91	894
PHO92	306
PHR1	565
PHS1	217
PIB1	286
PIB2	635
PIC2	300
PIF1	859
PIG1	648
PIG2	538
PIH1	344
PIK1	1066
PIL1	339
PIM1	1133
PIN2	282
PIN3	215
PIN4	668
PIP2	996
PIR1	341
PIR3	325
PIR5	287
PIS1	220
PKC1	1151
PKH1	766
PKH2	1081
PKH3	898
PKP1	394
PKP2	491
PKR1	122
PLB1	664
PLB2	706
PLB3	686
PLC1	869
PLM2	521
PLN1	283
PLP1	230
PLP2	286
PMA1	918
PMA2	947
PMC1	1173
PMD1	1753
PMI40	429
PML1	204
PML39	334
PMP1	40
PMP2	43
PMP3	55
PMR1	950
PMS1	873
PMT1	817
PMT2	759
PMT3	753
PMT4	762
PMT5	743
PMT6	759
PMT7	662
PMU1	295
PNC1	216
PNG1	363
PNO1	274
PNP1	311
PNS1	539
PNT1	423
POA1	177
POB3	552
POC4	148
POF1	258
POG1	351
POL1	1468
POL12	705
POL2	2222
POL3	1097
POL30	258
POL31	487
POL32	350
POL4	582
POL5	1022
POM152	1337
POM33	279
POM34	299
POP1	875
POP2	433
POP3	195
POP4	279
POP5	173
POP6	158
POP7	140
POP8	133
POR1	283
POR2	281
POS5	414
POT1	417
POX1	748
PPA2	310
PPE1	400
PPG1	368
PPH21	369
PPH22	377
PPH3	308
PPM1	328
PPM2	695
PPN1	674
PPN2	326
PPQ1	549
PPR1	904
PPS1	807
PPT1	513
PPT2	173
PPX1	397
PPZ1	692
PPZ2	710
PRB1	635
PRC1	532
PRD1	712
PRE1	198
PRE10	288
PRE2	287
PRE3	215
PRE4	266
PRE5	234
PRE6	254
PRE7	241
PRE8	250
PRE9	258
PRI1	409
PRI2	528
PRK1	810
PRM1	661
PRM10	383
PRM15	622
PRM2	656
PRM3	133
PRM4	284
PRM5	318
PRM6	352
PRM7	698
PRM8	237
PRM9	298
PRO1	428
PRO2	456
PRO3	286
PRP11	266
PRP16	1071
PRP18	251
PRP19	503
PRP2	876
PRP21	280
PRP22	1145
PRP24	444
PRP28	588
PRP3	469
PRP31	494
PRP38	242
PRP39	629
PRP4	465
PRP40	583
PRP42	544
PRP43	767
PRP45	379
PRP46	451
PRP5	849
PRP6	899
PRP8	2413
PRP9	530
PRR1	518
PRR2	699
PRS1	427
PRS2	318
PRS3	320
PRS4	326
PRS5	496
PRT1	763
PRX1	261
PRY1	299
PRY2	329
PRY3	881
PSA1	361
PSD1	500
PSD2	1138
PSE1	1089
PSF1	208
PSF2	213
PSF3	194
PSG1	392
PSH1	406
PSK1	1356
PSK2	1101
PSO2	661
PSP1	841
PSP2	593
PSR1	427
PSR2	397
PST1	444
PST2	198
PSY1	127
PSY2	858
PSY3	242
PSY4	441
PTA1	785
PTC1	281
PTC2	464
PTC3	468
PTC4	393
PTC5	572
PTC6	442
PTC7	343
PTH1	190
PTH2	208
PTH4	202
PTI1	425
PTK1	662
PTK2	818
PTM1	523
PTP1	335
PTP2	750
PTP3	928
PTR2	601
PTR3	678
PUB1	453
PUF2	1075
PUF3	879
PUF4	888
PUF6	656
PUG1	303
PUL3	327
PUL4	607
PUN1	263
PUP1	261
PUP2	260
PUP3	205
PUS1	544
PUS2	370
PUS4	403
PUS5	254
PUS6	404
PUS7	676
PUS9	462
PUT1	476
PUT2	575
PUT3	979
PUT4	627
PUT7	314
PWP1	576
PWP2	923
PXA1	870
PXA2	853
PXL1	706
PXP1	560
PXP2	283
PXR1	271
PYC1	1178
PYC2	1180
PYK2	506
PYP1	241
PZF1	429
QCR10	77
QCR2	368
QCR6	147
QCR7	127
QCR8	94
QCR9	66
QDR1	563
QDR2	542
QDR3	689
QNS1	714
QRI1	477
QRI5	111
QRI7	407
RAD1	1100
RAD10	210
RAD14	371
RAD16	790
RAD17	401
RAD18	487
RAD2	1031
RAD23	398
RAD24	659
RAD26	1085
RAD27	382
RAD28	506
RAD3	778
RAD30	632
RAD33	177
RAD34	692
RAD4	754
RAD5	1169
RAD50	1312
RAD51	400
RAD52	471
RAD53	821
RAD54	898
RAD55	406
RAD57	460
RAD59	238
RAD6	172
RAD61	647
RAD7	565
RAD9	1309
RAF1	181
RAI1	387
RAM1	431
RAM2	316
RAP1	827
RAS1	309
RAS2	322
RAT1	1006
RAV1	1357
RAV2	351
RAX1	435
RAX2	1220
RBA50	439
RBD2	262
RBG1	369
RBG2	368
RBH1	611
RBH2	745
RBK1	333
RBL2	106
RBS1	457
RCE1	315
RCF1	159
RCF2	224
RCF3	120
RCH1	434
RCI37	320
RCI50	463
RCK1	512
RCK2	610
RCL1	367
RCM1	490
RCN1	211
RCN2	265
RCO1	684
RCR1	213
RCR2	210
RCY1	840
RDH54	958
RDI1	202
RDL1	139
RDL2	149
RDR1	546
RDS1	832
RDS2	446
RDS3	107
RDT1	28
REA1	4910
REB1	810
REC102	264
REC104	182
REC107	314
REC114	428
REC8	680
RED1	827
REE1	198
REF2	533
REG1	1014
REG2	338
REH1	432
REI1	393
REP1	373
REP2	296
RER1	188
RER2	286
RET1	1149
RET2	546
RET3	189
REV1	985
REV3	1504
REV7	245
REX2	269
REX3	404
REX4	289
RFA1	621
RFA2	273
RFA3	122
RFC1	861
RFC2	353
RFC3	340
RFC4	323
RFC5	354
RFM1	310
RFS1	210
RFT1	574
RFU1	200
RFX1	811
RGA1	1007
RGA2	1009
RGC1	1083
RGD1	666
RGD2	714
RGD3	785
RGI1	161
RGI2	164
RGL1	479
RGM1	211
RGP1	663
RGR1	1082
RGS2	309
RGT1	1170
RGT2	763
RHB1	209
RHO1	209
RHO2	192
RHO3	231
RHO4	291
RHO5	331
RIA1	1110
RIB1	345
RIB2	591
RIB3	208
RIB4	169
RIB5	238
RIB7	244
RIC1	1056
RIE1	781
RIF1	1916
RIF2	395
RIM1	135
RIM101	625
RIM11	370
RIM13	727
RIM15	1770
RIM2	377
RIM20	661
RIM21	533
RIM4	713
RIM8	542
RIM9	239
RIO1	484
RIO2	425
RIP1	215
RIT1	513
RIX1	763
RIX7	837
RKI1	258
RKM1	583
RKM2	479
RKM3	552
RKM4	494
RKM5	367
RKR1	1562
RLF2	606
RLI1	608
RLM1	676
RLP24	199
RLP7	322
RMA1	430
RMD1	430
RMD5	421
RMD6	231
RMD8	662
RMD9	646
RME1	300
RMI1	241
RML2	393
RMP1	201
RMR1	241
RMT2	412
RNA1	407
RNA14	677
RNA15	296
RNH1	348
RNH201	307
RNH202	350
RNH203	110
RNH70	553
RNP1	249
RNQ1	405
RNR1	888
RNR2	399
RNR3	869
RNR4	345
RNT1	471
RNY1	434
ROD1	837
ROF1	453
ROG1	685
ROG3	733
ROK1	564
ROM1	1155
ROM2	1356
ROQ1	104
ROT1	256
ROT2	954
ROX1	368
ROX3	220
ROY1	553
RPA12	125
RPA135	1203
RPA14	137
RPA190	1664
RPA34	233
RPA43	326
RPA49	415
RPB10	70
RPB11	120
RPB2	1224
RPB3	318
RPB4	221
RPB5	215
RPB7	171
RPB8	146
RPB9	122
RPC10	70
RPC11	110
RPC17	161
RPC19	142
RPC25	212
RPC31	251
RPC34	317
RPC37	282
RPC40	335
RPC53	422
RPC82	654
RPD3	433
RPE1	238
RPF1	295
RPF2	344
RPG1	964
RPH1	796
RPI1	407
RPL10	221
RPL11A	174
RPL11B	174
RPL12A	165
RPL12B	165
RPL13A	199
RPL13B	199
RPL14A	138
RPL14B	138
RPL15A	204
RPL15B	204
RPL16A	199
RPL16B	198
RPL17A	184
RPL17B	184
RPL18A	186
RPL18B	186
RPL19A	189
RPL19B	189
RPL1A	217
RPL1B	217
RPL20A	172
RPL20B	172
RPL21A	160
RPL21B	160
RPL22A	121
RPL22B	122
RPL23A	137
RPL23B	137
RPL24A	155
RPL24B	155
RPL25	142
RPL26A	127
RPL26B	127
RPL27A	136
RPL27B	136
RPL28	149
RPL29	59
RPL2A	254
RPL2B	254
RPL3	387
RPL30	105
RPL31A	113
RPL31B	113
RPL32	130
RPL33A	107
RPL33B	107
RPL34A	121
RPL34B	121
RPL35A	120
RPL35B	120
RPL36A	100
RPL36B	100
RPL37A	88
RPL37B	88
RPL38	78
RPL39	51
RPL40A	128
RPL40B	128
RPL41A	25
RPL41B	25
RPL42A	106
RPL42B	106
RPL43A	92
RPL43B	92
RPL4A	362
RPL4B	362
RPL5	297
RPL6A	176
RPL6B	176
RPL7A	244
RPL7B	244
RPL8A	256
RPL8B	256
RPL9A	191
RPL9B	191
RPM2	1202
RPN1	993
RPN10	268
RPN11	306
RPN12	274
RPN13	156
RPN14	417
RPN2	945
RPN3	523
RPN4	531
RPN5	445
RPN6	434
RPN7	429
RPN8	338
RPN9	393
RPO21	1733
RPO26	155
RPO31	1460
RPO41	1351
RPP0	312
RPP1	293
RPP1A	106
RPP1B	106
RPP2A	106
RPP2B	110
RPR2	144
RPS0A	252
RPS0B	252
RPS10A	105
RPS10B	105
RPS11A	156
RPS11B	156
RPS12	143
RPS13	151
RPS14A	137
RPS14B	138
RPS15	142
RPS16A	143
RPS16B	143
RPS17A	136
RPS17B	136
RPS18A	146
RPS18B	146
RPS19A	144
RPS19B	144
RPS1A	255
RPS1B	255
RPS2	254
RPS20	121
RPS21A	87
RPS21B	87
RPS22A	130
RPS22B	130
RPS23A	145
RPS23B	145
RPS24A	135
RPS24B	135
RPS25A	108
RPS25B	108
RPS26A	119
RPS26B	119
RPS27A	82
RPS27B	82
RPS28A	67
RPS28B	67
RPS29A	56
RPS29B	56
RPS3	240
RPS30A	63
RPS30B	63
RPS31	152
RPS4A	261
RPS4B	261
RPS5	225
RPS6A	236
RPS6B	236
RPS7A	190
RPS7B	190
RPS8A	200
RPS8B	200
RPS9A	197
RPS9B	195
RPT1	467
RPT2	437
RPT3	428
RPT4	437
RPT5	434
RPT6	405
RQC1	723
RQC2	1038
RQT4	530
RRB1	511
RRD1	393
RRD2	358
RRF1	230
RRG1	365
RRG7	242
RRG8	277
RRG9	214
RRI1	440
RRI2	645
RRM3	723
RRN10	145
RRN11	507
RRN3	627
RRN5	363
RRN6	894
RRN7	514
RRN9	365
RRP1	278
RRP12	1228
RRP14	434
RRP15	250
RRP17	235
RRP3	501
RRP36	300
RRP4	359
RRP40	240
RRP42	265
RRP43	394
RRP45	305
RRP46	223
RRP5	1729
RRP6	733
RRP7	297
RRP8	392
RRP9	573
RRS1	203
RRT1	103
RRT12	491
RRT13	185
RRT14	206
RRT15	62
RRT16	142
RRT2	387
RRT5	289
RRT6	311
RRT7	113
RRT8	342
RSA1	381
RSA3	220
RSA4	515
RSB1	354
RSC1	928
RSC2	889
RSC3	885
RSC30	883
RSC4	625
RSC58	502
RSC6	483
RSC8	557
RSC9	581
RSE1	1361
RSF1	376
RSF2	1380
RSM10	203
RSM18	138
RSM19	91
RSM22	628
RSM23	450
RSM24	319
RSM25	264
RSM26	266
RSM27	110
RSM28	361
RSM7	247
RSN1	953
RSO55	155
RSP5	809
RSR1	272
RTA1	317
RTC1	1341
RTC2	296
RTC3	111
RTC4	401
RTC5	567
RTC6	93
RTF1	558
RTG1	177
RTG2	588
RTG3	486
RTK1	620
RTN1	295
RTN2	393
RTP1	981
RTR1	226
RTR2	196
RTS1	757
RTS2	232
RTS3	263
RTT10	1013
RTT101	842
RTT102	157
RTT103	409
RTT105	208
RTT106	455
RTT107	1070
RTT109	436
RUB1	77
RUD3	484
RUP1	671
RVB1	463
RVB2	471
RVS161	265
RVS167	482
RXT2	430
RXT3	294
SAC1	623
SAC3	1301
SAC6	642
SAC7	654
SAD1	448
SAE2	345
SAE3	91
SAF1	637
SAG1	650
SAH1	449
SAK1	1142
SAL1	494
SAM1	382
SAM2	384
SAM3	587
SAM35	329
SAM37	327
SAM4	325
SAM50	484
SAN1	610
SAP1	897
SAP155	1002
SAP185	1058
SAP190	1033
SAP30	201
SAP4	818
SAR1	190
SAS10	610
SAS2	338
SAS3	831
SAS4	481
SAS5	248
SAT4	603
SAW1	261
SAY1	424
SBA1	216
SBE2	864
SBE22	852
SBH1	82
SBH2	88
SBP1	294
SCC2	1493
SCC4	624
SCD5	872
SCD6	349
SCEI	235
SCH9	824
SCJ1	377
SCL1	252
SCM3	223
SCM4	187
SCO1	295
SCO2	301
SCP1	200
SCP160	1222
SCS2	244
SCS22	175
SCS3	380
SCS7	384
SCT1	759
SCW10	389
SCW11	542
SCW4	386
SCY1	804
SDA1	767
SDC1	175
SDD1	233
SDD2	145
SDD3	1037
SDD4	1133
SDH1	640
SDH2	266
SDH3	198
SDH4	181
SDH5	162
SDH6	79
SDH7	133
SDH8	138
SDH9	634
SDO1	250
SDP1	209
SDS22	338
SDS23	527
SDS24	527
SDS3	327
SDT1	280
SEA4	1038
SEC1	724
SEC10	871
SEC11	167
SEC12	471
SEC13	297
SEC14	304
SEC15	910
SEC16	2195
SEC17	292
SEC18	758
SEC2	759
SEC20	383
SEC21	935
SEC22	214
SEC23	768
SEC24	926
SEC26	973
SEC27	889
SEC28	296
SEC3	1336
SEC31	1273
SEC39	709
SEC4	215
SEC5	971
SEC53	254
SEC59	519
SEC6	805
SEC61	480
SEC62	274
SEC63	663
SEC65	273
SEC66	206
SEC7	2009
SEC72	193
SEC8	1065
SEC9	651
SED1	338
SED4	1065
SED5	340
SEF1	1148
SEG1	960
SEG2	1132
SEH1	349
SEI1	285
SEM1	89
SEN1	2231
SEN15	128
SEN2	377
SEN34	275
SEN54	467
SEO1	593
SER1	395
SER2	309
SER3	469
SER33	469
SES1	462
SET1	1080
SET2	733
SET3	751
SET4	560
SET5	526
SET6	373
SEY1	776
SFA1	386
SFB2	876
SFB3	929
SFC1	322
SFG1	346
SFH1	426
SFH5	294
SFI1	946
SFK1	353
SFL1	766
SFM1	213
SFP1	683
SFT1	97
SFT2	215
SGA1	549
SGD1	899
SGE1	543
SGF11	99
SGF29	259
SGF73	657
SGM1	707
SGN1	250
SGO1	590
SGS1	1447
SGT1	395
SGT2	346
SGV1	657
SHB17	271
SHC1	512
SHE1	338
SHE10	577
SHE2	246
SHE3	425
SHE4	789
SHE9	456
SHG1	142
SHH3	196
SHH4	168
SHM1	490
SHM2	469
SHO1	367
SHP1	423
SHQ1	507
SHR3	210
SHR5	237
SHS1	551
SHU1	150
SHU2	223
SHY1	389
SIA1	622
SIC1	284
SIF2	535
SIL1	421
SIM1	476
SIN3	1536
SIN4	974
SIP1	815
SIP18	79
SIP2	415
SIP3	1229
SIP4	829
SIP5	489
SIR1	654
SIR2	562
SIR3	978
SIR4	1358
SIS1	352
SIS2	562
SIT1	628
SIT4	311
SIW14	281
SIZ1	904
SKA1	277
SKG1	355
SKG3	1026
SKG6	734
SKI2	1287
SKI3	1432
SKI6	246
SKI7	747
SKI8	397
SKM1	655
SKN1	771
SKN7	622
SKO1	647
SKP1	194
SKP2	763
SKS1	502
SKT5	696
SKY1	742
SLA1	1244
SLA2	968
SLC1	303
SLD2	453
SLD3	668
SLD5	294
SLD7	257
SLF1	447
SLG1	378
SLH1	1967
SLI1	468
SLI15	698
SLK19	821
SLM1	686
SLM2	656
SLM3	417
SLM4	162
SLM5	492
SLM6	150
SLN1	1220
SLO1	85
SLP1	587
SLS1	643
SLT2	484
SLU7	382
SLX1	304
SLX4	748
SLX5	619
SLX8	274
SLX9	210
SLY1	666
SLY41	453
SLZ1	298
SMA1	245
SMA2	369
SMB1	196
SMC1	1225
SMC2	1170
SMC3	1230
SMC4	1418
SMC5	1093
SMC6	1114
SMD1	146
SMD2	110
SMD3	101
SME1	94
SMF1	575
SMF2	549
SMF3	473
SMI1	505
SMK1	388
SML1	104
SMM1	384
SMP1	452
SMP3	516
SMT1	382
SMT3	101
SMX2	77
SMX3	86
SMY1	656
SMY2	740
SNA2	79
SNA3	133
SNA4	140
SNC1	117
SNC2	115
SND1	877
SND2	181
SND3	188
SNF1	633
SNF11	169
SNF12	566
SNF2	1703
SNF3	884
SNF4	322
SNF5	905
SNF6	332
SNF7	240
SNF8	233
SNG1	547
SNL1	159
SNM1	198
SNN1	102
SNO1	224
SNO2	222
SNO3	222
SNO4	237
SNP1	300
SNQ2	1501
SNT1	1226
SNT2	1403
SNT309	175
SNU114	1008
SNU13	126
SNU23	194
SNU56	492
SNU66	587
SNU71	620
SNX3	162
SNX4	423
SNX41	625
SNZ1	297
SNZ2	298
SNZ3	298
SOA1	542
SOD1	154
SOD2	233
SOF1	489
SOG2	791
SOH1	127
SOK1	901
SOK2	785
SOL1	321
SOL2	315
SOL3	249
SOL4	255
SOM1	74
SOP4	234
SOR1	357
SOR2	357
SOV1	898
SPA2	1466
SPB1	841
SPB4	606
SPC1	94
SPC105	917
SPC110	944
SPC19	165
SPC2	178
SPC24	213
SPC25	221
SPC29	253
SPC3	184
SPC34	295
SPC42	363
SPC72	622
SPC97	823
SPC98	846
SPE1	466
SPE2	396
SPE3	293
SPE4	300
SPF1	1215
SPG1	95
SPG3	127
SPG4	115
SPG5	373
SPH1	530
SPI1	148
SPL2	148
SPN1	410
SPO1	631
SPO11	398
SPO12	173
SPO13	291
SPO14	1683
SPO16	198
SPO19	223
SPO20	397
SPO21	609
SPO22	975
SPO23	523
SPO24	67
SPO7	259
SPO71	1245
SPO73	143
SPO74	413
SPO75	868
SPO77	477
SPP1	353
SPP2	185
SPP381	291
SPP382	708
SPP41	1435
SPR1	445
SPR2	236
SPR28	423
SPR3	512
SPR6	191
SPS1	490
SPS100	326
SPS18	300
SPS19	292
SPS2	502
SPS22	463
SPS4	338
SPT10	640
SPT14	452
SPT15	240
SPT16	1035
SPT2	333
SPT20	604
SPT21	758
SPT23	1082
SPT3	337
SPT4	102
SPT5	1063
SPT6	1451
SPT7	1332
SPT8	602
SQS1	767
SQT1	431
SRB2	210
SRB4	687
SRB5	307
SRB6	121
SRB7	140
SRB8	1427
SRC1	834
SRD1	221
SRF1	437
SRL1	210
SRL2	392
SRL3	246
SRL4	281
SRM1	482
SRN2	213
SRO7	1033
SRO77	1010
SRO9	434
SRP1	542
SRP101	621
SRP102	244
SRP14	146
SRP21	167
SRP40	406
SRP54	541
SRP68	599
SRP72	640
SRS2	1174
SRT1	343
SRV2	526
SRX1	127
SRY1	326
SSA1	642
SSA2	639
SSA3	649
SSA4	642
SSB1	613
SSB2	613
SSC1	654
SSD1	1250
SSE1	693
SSE2	693
SSF1	453
SSF2	453
SSH1	490
SSH4	579
SSK1	712
SSK2	1579
SSK22	1331
SSL1	461
SSL2	843
SSM4	1319
SSN2	1420
SSN3	555
SSN8	323
SSO1	290
SSO2	295
SSP1	571
SSP120	234
SSP2	371
SSQ1	657
SSS1	80
SST2	698
SSU1	458
SSU72	206
SSY1	852
SSY5	699
SSZ1	538
STB1	420
STB2	850
STB3	513
STB4	949
STB5	743
STB6	766
STD1	444
STE11	717
STE12	688
STE13	931
STE14	239
STE18	110
STE2	431
STE20	939
STE23	1027
STE24	453
STE3	470
STE4	423
STE5	917
STE50	346
STE6	1290
STE7	515
STF1	86
STF2	84
STH1	1359
STI1	589
STL1	569
STM1	273
STN1	494
STO1	861
STP1	519
STP2	541
STP22	385
STP3	343
STP4	490
STR2	639
STR3	465
STS1	319
STT3	718
STT4	1900
STU1	1513
STU2	888
STV1	890
SUA5	426
SUA7	345
SUB1	292
SUB2	446
SUC2	532
SUE1	206
SUI1	108
SUI2	304
SUI3	285
SUL1	859
SUL2	893
SUM1	1062
SUN4	420
SUP35	685
SUP45	437
SUR1	382
SUR2	349
SUR7	302
SUS1	96
SUT1	299
SUT2	268
SUV3	737
SVF1	481
SVL3	825
SVP26	228
SVS1	260
SWA2	668
SWC3	625
SWC4	476
SWC5	303
SWC7	132
SWD1	426
SWD2	329
SWD3	315
SWE1	819
SWF1	336
SWH1	1188
SWI1	1314
SWI3	825
SWI4	1093
SWI5	709
SWI6	803
SWM1	170
SWM2	146
SWP1	286
SWP82	623
SWR1	1514
SWS2	143
SWT1	458
SWT21	357
SXM1	944
SYC1	188
SYF1	859
SYF2	215
SYG1	902
SYH1	849
SYM1	197
SYN8	255
SYO1	620
SYP1	870
SYS1	203
SYT1	1226
TAD1	400
TAD2	250
TAD3	322
TAE1	232
TAF1	1066
TAF10	206
TAF11	346
TAF12	539
TAF13	167
TAF14	244
TAF2	1407
TAF3	353
TAF4	388
TAF5	798
TAF6	516
TAF7	590
TAF8	510
TAF9	157
TAG1	608
TAH1	111
TAH11	604
TAH18	623
TAL1	335
TAM41	385
TAN1	289
TAO3	2376
TAP42	366
TAR1	124
TAT1	619
TAT2	592
TAX4	604
TAZ1	381
TBF1	562
TBS1	1094
TCA17	152
TCB1	1186
TCB2	1178
TCB3	1545
TCD1	429
TCD2	447
TCM62	572
TCO89	799
TCP1	559
TDA1	586
TDA10	290
TDA11	504
TDA2	126
TDA3	523
TDA4	279
TDA5	326
TDA6	467
TDA7	636
TDA8	126
TDA9	1251
TDH1	332
TDH2	332
TDH3	332
TDP1	544
TEA1	759
TEC1	486
TED1	473
TEF1	458
TEF2	458
TEF4	412
TEL1	2787
TEL2	688
TEM1	245
TEN1	160
TEP1	434
TES1	349
TEX1	422
TFA1	482
TFA2	328
TFB1	642
TFB2	513
TFB3	321
TFB4	338
TFB5	72
TFB6	343
TFC1	649
TFC3	1160
TFC4	1025
TFC6	672
TFC7	435
TFC8	588
TFG1	735
TFG2	400
TFS1	219
TGL1	548
TGL2	326
TGL3	642
TGL4	910
TGL5	749
TGS1	315
THG1	237
THI11	340
THI12	340
THI13	340
THI2	450
THI20	551
THI21	551
THI22	572
THI3	609
THI4	326
THI5	340
THI6	540
THI7	598
THI72	599
THI73	523
THI74	370
THI80	319
THO1	218
THO2	1597
THP1	455
THP2	261
THP3	470
THR1	357
THR4	514
THS1	734
TIF1	395
TIF11	153
TIF2	395
TIF3	436
TIF34	347
TIF35	274
TIF4631	952
TIF4632	914
TIF5	405
TIF6	245
TIM10	93
TIM11	96
TIM12	109
TIM13	105
TIM17	158
TIM18	192
TIM21	239
TIM22	207
TIM23	222
TIM44	431
TIM50	476
TIM54	478
TIM8	87
TIM9	87
TIP1	210
TIP20	701
TIP41	356
TIR1	254
TIR2	251
TIR3	269
TIR4	487
TIS11	285
TKL1	680
TKL2	681
TLG1	224
TLG2	397
TMA10	86
TMA108	946
TMA16	178
TMA17	150
TMA19	167
TMA20	181
TMA22	198
TMA23	211
TMA46	345
TMA64	565
TMA7	64
TMC1	150
TMH11	105
TMH18	161
TML25	227
TMN2	672
TMN3	706
TMS1	473
TMT1	299
TNA1	534
TOA1	286
TOA2	122
TOD6	525
TOF1	1238
TOF2	771
TOG1	794
TOH1	396
TOK1	691
TOM1	3268
TOM20	183
TOM22	152
TOM40	387
TOM5	50
TOM6	61
TOM7	60
TOM70	617
TOM71	639
TOP1	769
TOP2	1428
TOP3	656
TOR1	2470
TOR2	2474
TOS1	455
TOS2	622
TOS3	560
TOS4	489
TOS6	102
TOS7	551
TOS8	276
TPA1	644
TPC1	314
TPD3	635
TPH3	561
TPI1	248
TPK1	397
TPK2	380
TPK3	398
TPM1	199
TPM2	161
TPN1	579
TPO1	586
TPO2	614
TPO3	622
TPO4	659
TPO5	618
TPP1	238
TPS1	495
TPS2	896
TPS3	1054
TPT1	230
TRA1	3744
TRE1	783
TRE2	809
TRF5	642
TRI1	226
TRK1	1235
TRK2	889
TRL1	827
TRM1	570
TRM10	293
TRM11	433
TRM112	135
TRM12	462
TRM13	476
TRM2	639
TRM3	1436
TRM44	567
TRM5	499
TRM7	310
TRM732	1420
TRM8	286
TRM82	444
TRM9	279
TRP1	224
TRP2	507
TRP3	484
TRP4	380
TRP5	707
TRR1	319
TRR2	342
TRS120	1289
TRS130	1102
TRS20	175
TRS23	219
TRS31	283
TRS33	268
TRS65	560
TRS85	698
TRX1	103
TRX2	104
TRX3	127
TRZ1	838
TSA1	196
TSA2	196
TSC10	320
TSC11	1430
TSC13	310
TSC3	80
TSL1	1098
TSR1	788
TSR2	205
TSR3	313
TSR4	408
TTI1	1038
TTI2	421
TUB1	447
TUB2	457
TUB3	445
TUB4	473
TUF1	437
TUL1	758
TUM1	304
TUP1	713
TUS1	1307
TVP15	143
TVP18	167
TVP23	199
TVP38	337
TVS1	631
TWF1	332
TYC1	39
TYE7	291
TYR1	452
TYS1	394
TYW1	810
TYW3	273
UAF30	228
UBA1	1024
UBA2	636
UBA3	299
UBA4	440
UBC1	215
UBC11	156
UBC12	188
UBC13	153
UBC4	148
UBC5	148
UBC6	250
UBC7	165
UBC8	218
UBC9	157
UBI4	381
UBP1	809
UBP10	792
UBP11	717
UBP12	1254
UBP13	747
UBP14	781
UBP15	1230
UBP16	499
UBP2	1272
UBP3	912
UBP5	805
UBP6	499
UBP7	1071
UBP8	471
UBP9	754
UBR1	1950
UBR2	1872
UBS1	277
UBX2	584
UBX3	455
UBX4	416
UBX5	500
UBX6	396
UBX7	436
UCC1	369
UFD1	361
UFD2	961
UFD4	1483
UFE1	346
UFO1	668
UGA1	471
UGA2	497
UGA3	528
UGA4	571
UGO1	502
UGP1	499
UGX2	223
UIP3	235
UIP4	304
UIP5	443
ULA1	462
ULI1	169
ULP1	621
ULP2	1034
ULS1	1619
UME1	460
UME6	836
UMP1	148
UNG1	359
UPC2	913
UPF3	387
UPS1	175
UPS2	230
UPS3	179
URA1	314
URA10	227
URA2	2214
URA3	267
URA4	364
URA5	226
URA6	204
URA7	579
URA8	578
URB1	1764
URB2	1174
URC2	772
URE2	354
URH1	340
URK1	501
URM1	99
URN1	465
USA1	838
USB1	290
USE1	245
USO1	1790
USV1	391
UTH1	365
UTP10	1769
UTP11	250
UTP13	817
UTP14	899
UTP15	513
UTP18	594
UTP20	2493
UTP21	939
UTP22	1237
UTP23	254
UTP25	721
UTP30	274
UTP4	776
UTP5	643
UTP6	440
UTP7	554
UTP8	713
UTP9	575
UTR1	530
UTR2	467
UTR4	227
UTR5	166
VAB2	282
VAC14	880
VAC17	423
VAC7	1165
VAC8	578
VAM10	114
VAM3	283
VAM6	1049
VAM7	316
VAN1	535
VAR1	398
VAS1	1104
VBA1	562
VBA2	474
VBA3	458
VBA4	768
VBA5	582
VCX1	411
VEL1	206
VFA1	203
VHC1	1120
VHR1	640
VHR2	505
VHS1	461
VHS2	436
VHS3	674
VHT1	593
VID22	901
VID24	362
VID27	782
VID28	921
VID30	958
VIK1	647
VIP1	1146
VLD1	242
VMA1	1071
VMA10	114
VMA11	164
VMA13	478
VMA16	213
VMA2	517
VMA21	77
VMA22	181
VMA3	160
VMA4	233
VMA5	392
VMA6	345
VMA7	118
VMA8	256
VMA9	73
VMR1	1592
VMS1	632
VNX1	908
VOA1	265
VPH1	840
VPH2	215
VPS1	704
VPS13	3144
VPS15	1454
VPS16	798
VPS17	551
VPS20	221
VPS21	210
VPS24	224
VPS25	202
VPS27	622
VPS28	242
VPS29	282
VPS3	1011
VPS30	557
VPS33	691
VPS34	875
VPS35	944
VPS36	566
VPS38	439
VPS4	437
VPS41	992
VPS45	577
VPS5	675
VPS51	164
VPS52	641
VPS53	822
VPS54	889
VPS55	140
VPS60	229
VPS61	190
VPS62	467
VPS63	108
VPS64	604
VPS65	104
VPS68	184
VPS69	106
VPS70	811
VPS71	280
VPS72	795
VPS73	486
VPS74	345
VPS75	264
VPS8	1274
VPS9	451
VRG4	337
VRP1	817
VSB1	1036
VTA1	330
VTC1	129
VTC2	828
VTC3	835
VTC4	721
VTC5	869
VTH1	1549
VTH2	1549
VTI1	217
VTS1	523
VVS1	488
WAR1	944
WBP1	430
WHI2	486
WHI3	661
WHI4	649
WHI5	295
WIP1	89
WRS1	432
WSC2	503
WSC3	556
WSC4	605
WSS1	269
WTM1	437
WTM2	467
WWM1	211
XBP1	647
XDJ1	459
XKS1	600
XPT1	209
XRN1	1528
XRS2	854
XYL2	356
YAE1	141
YAF9	226
YAH1	172
YAK1	807
YAP1	650
YAP1801	637
YAP1802	568
YAP3	330
YAP5	245
YAP6	383
YAP7	245
YAR1	200
YAT1	687
YAT2	923
YBP1	674
YBP2	641
YBT1	1661
YCF1	1515
YCG1	1035
YCH1	148
YCK1	538
YCK2	546
YCK3	524
YCP4	247
YCS4	1176
YCT1	531
YDC1	317
YDJ1	409
YEA4	342
YEA6	335
YEF1	495
YEF3	1044
YEH1	573
YEH2	538
YEL1	687
YEN1	759
YET1	206
YET2	160
YET3	203
YFH1	174
YFH7	353
YFT2	274
YGK1	215
YGK3	375
YGP1	354
YHB1	399
YHC1	231
YHC3	408
YHI9	294
YHK8	514
YHM2	314
YHP1	353
YIA6	373
YIF1	314
YIG1	461
YIH1	258
YIM1	365
YIM2	145
YIP1	248
YIP3	176
YIP4	235
YIP5	310
YJU2	278
YJU3	313
YKE2	114
YKE4	346
YKT6	200
YKU70	602
YKU80	629
YLF2	405
YLH47	454
YMC1	307
YMC2	329
YMD8	442
YME1	747
YME2	850
YML6	286
YMR1	688
YMR31	123
YND1	630
YNG1	219
YNG2	282
YNK1	153
YOP1	180
YOR1	1477
YOS1	85
YOS9	542
YOX1	385
YPC1	316
YPD1	167
YPF1	587
YPI1	155
YPK1	680
YPK2	677
YPK3	525
YPK9	1472
YPP1	817
YPQ1	308
YPQ2	317
YPR1	312
YPS1	569
YPS3	508
YPS5	165
YPS6	537
YPS7	596
YPT1	206
YPT10	199
YPT11	417
YPT31	223
YPT32	222
YPT35	214
YPT52	234
YPT53	220
YPT6	215
YPT7	208
YRA1	226
YRA2	203
YRB1	201
YRB2	327
YRB30	440
YRF1-1	1796
YRF1-2	1681
YRF1-3	1859
YRF1-4	1382
YRF1-5	1796
YRF1-6	1859
YRF1-7	1859
YRF1-8	1796
YRM1	786
YRO2	344
YRR1	810
YSA1	231
YSC83	385
YSC84	468
YSF3	85
YSH1	779
YSP2	1438
YSP3	478
YSR3	404
YSW1	609
YSY6	65
YTA12	825
YTA6	754
YTA7	1379
YTH1	208
YTM1	460
YTP1	459
YUH1	236
YUR1	428
YVC1	675
YVH1	364
ZAP1	880
ZDS1	915
ZDS2	942
ZEO1	113
ZIM17	174
ZIP1	875
ZIP2	704
ZNF1	465
ZPR1	486
ZPS1	249
ZRC1	442
ZRG17	605
ZRG8	1076
ZRT1	376
ZRT2	422
ZRT3	503
ZTA1	334
ZUO1	433
ZWF1	505
	16
	24
	24
	25
	26
	26
	26
	26
	26
	26
	27
	27
	27
	27
	28
	28
	28
	28
	28
	29
	29
	29
	29
	29
	29
	29
	30
	30
	30
	30
	30
	30
	31
	31
	31
	32
	32
	32
	32
	33
	33
	33
	33
	34
	34
	34
	34
	34
	34
	34
	34
	35
	35
	36
	36
	37
	37
	37
	37
	37
	38
	38
	38
	38
	38
	38
	39
	39
	39
	39
	39
	39
	40
	40
	40
	41
	42
	42
	43
	43
	43
	43
	43
	44
	44
	44
	44
	45
	45
	45
	45
	45
	46
	46
	46
	46
	46
	46
	46
	47
	47
	47
	47
	48
	48
	48
	49
	49
	49
	49
	49
	49
	49
	49
	49
	49
	49
	50
	50
	50
	50
	51
	51
	51
	51
	51
	52
	52
	52
	52
	52
	53
	53
	53
	53
	53
	53
	53
	54
	54
	54
	54
	54
	54
	55
	55
	56
	56
	56
	56
	57
	57
	57
	57
	58
	58
	58
	58
	58
	59
	60
	60
	60
	61
	61
	61
	61
	62
	62
	62
	62
	62
	63
	63
	63
	63
	63
	63
	64
	64
	64
	64
	64
	64
	64
	65
	65
	65
	66
	66
	66
	66
	66
	67
	67
	67
	67
	67
	68
	68
	68
	68
	69
	69
	69
	69
	69
	70
	70
	70
	70
	70
	70
	71
	71
	71
	72
	72
	72
	72
	72
	73
	73
	73
	73
	73
	73
	74
	74
	74
	74
	74
	75
	75
	75
	75
	75
	75
	76
	76
	76
	76
	77
	77
	77
	77
	78
	78
	78
	78
	78
	79
	79
	79
	80
	80
	80
	80
	81
	81
	81
	82
	82
	84
	84
	84
	84
	84
	84
	85
	85
	85
	85
	85
	85
	85
	85
	86
	86
	87
	88
	88
	88
	89
	89
	90
	91
	92
	93
	94
	94
	94
	94
	94
	95
	95
	96
	96
	96
	96
	97
	97
	97
	98
	98
	98
	99
	99
	99
	99
	99
	99
	99
	100
	100
	100
	100
	100
	100
	100
	100
	100
	100
	100
	100
	100
	100
	100
	100
	100
	100
	100
	101
	101
	101
	101
	101
	101
	101
	101
	101
	101
	101
	101
	101
	101
	101
	101
	101
	101
	101
	101
	101
	101
	102
	102
	102
	102
	102
	102
	102
	102
	102
	102
	102
	102
	102
	102
	102
	102
	102
	102
	102
	102
	102
	102
	102
	103
	103
	103
	103
	103
	103
	103
	103
	103
	103
	103
	103
	104
	104
	104
	104
	104
	104
	104
	104
	104
	104
	104
	104
	104
	104
	104
	104
	105
	105
	105
	105
	105
	105
	105
	105
	105
	105
	105
	105
	105
	105
	105
	106
	106
	106
	106
	106
	106
	106
	106
	106
	106
	106
	106
	106
	106
	107
	107
	107
	107
	107
	107
	107
	107
	107
	107
	107
	107
	107
	107
	107
	107
	107
	107
	107
	108
	108
	108
	108
	108
	108
	108
	108
	108
	108
	108
	108
	108
	108
	108
	108
	108
	108
	109
	109
	109
	109
	109
	109
	109
	109
	109
	109
	109
	109
	109
	109
	109
	109
	109
	109
	109
	109
	109
	110
	110
	110
	110
	110
	110
	110
	110
	110
	110
	110
	110
	110
	110
	111
	111
	111
	111
	111
	111
	111
	111
	111
	111
	111
	111
	111
	111
	111
	111
	111
	111
	111
	111
	112
	112
	112
	112
	112
	112
	112
	112
	112
	112
	112
	112
	112
	113
	113
	113
	113
	113
	113
	113
	113
	113
	113
	114
	114
	114
	114
	114
	114
	114
	114
	114
	114
	114
	114
	114
	115
	115
	115
	115
	115
	115
	115
	115
	115
	115
	115
	115
	115
	115
	115
	115
	115
	116
	116
	116
	116
	116
	116
	116
	116
	116
	116
	116
	116
	116
	116
	116
	116
	116
	117
	117
	117
	117
	117
	117
	117
	117
	117
	117
	117
	117
	117
	117
	117
	117
	118
	118
	118
	118
	118
	118
	118
	118
	118
	119
	119
	119
	119
	119
	119
	119
	119
	119
	119
	119
	119
	120
	120
	120
	120
	120
	120
	120
	121
	121
	121
	121
	121
	121
	121
	121
	121
	122
	122
	122
	122
	122
	122
	122
	122
	122
	122
	122
	122
	122
	122
	122
	122
	123
	123
	123
	123
	123
	123
	123
	123
	123
	123
	123
	123
	123
	123
	123
	124
	124
	124
	124
	124
	124
	124
	124
	124
	124
	124
	124
	124
	125
	125
	125
	125
	125
	125
	125
	126
	126
	126
	126
	126
	126
	126
	126
	126
	126
	126
	126
	127
	127
	127
	127
	127
	127
	127
	127
	127
	127
	127
	128
	128
	128
	128
	128
	128
	128
	129
	129
	129
	129
	129
	129
	129
	129
	129
	129
	129
	130
	130
	130
	130
	130
	130
	130
	130
	130
	131
	131
	131
	131
	131
	131
	131
	132
	132
	132
	132
	132
	132
	132
	132
	132
	132
	133
	133
	133
	133
	133
	133
	133
	133
	133
	134
	134
	134
	134
	135
	135
	135
	135
	135
	136
	136
	136
	136
	136
	136
	136
	136
	136
	136
	137
	137
	137
	137
	137
	137
	138
	138
	139
	139
	139
	139
	139
	139
	140
	140
	140
	140
	140
	141
	141
	141
	141
	141
	142
	142
	142
	142
	143
	143
	143
	143
	144
	144
	144
	144
	144
	144
	144
	144
	145
	145
	145
	145
	146
	146
	146
	146
	147
	147
	147
	147
	147
	147
	147
	148
	148
	148
	148
	149
	149
	150
	150
	150
	151
	151
	151
	152
	153
	153
	153
	153
	153
	153
	153
	154
	154
	154
	155
	156
	156
	156
	157
	157
	157
	157
	157
	158
	158
	158
	159
	159
	160
	160
	160
	160
	160
	160
	160
	160
	160
	160
	160
	160
	160
	160
	160
	160
	160
	160
	160
	160
	161
	161
	161
	161
	161
	162
	163
	163
	163
	164
	164
	164
	165
	165
	166
	166
	166
	167
	167
	168
	168
	168
	169
	169
	169
	169
	169
	170
	170
	170
	170
	171
	171
	171
	172
	172
	172
	173
	173
	173
	174
	174
	175
	175
	175
	175
	177
	177
	178
	178
	179
	179
	180
	180
	181
	181
	182
	182
	182
	183
	183
	183
	183
	183
	185
	185
	185
	186
	187
	187
	187
	187
	188
	189
	189
	189
	190
	190
	191
	191
	191
	191
	191
	191
	192
	192
	192
	193
	193
	193
	195
	196
	197
	197
	198
	199
	199
	199
	200
	200
	200
	201
	201
	201
	201
	201
	202
	203
	203
	203
	203
	203
	203
	204
	204
	204
	205
	205
	206
	206
	206
	210
	211
	211
	212
	212
	213
	215
	215
	215
	216
	216
	216
	216
	216
	216
	217
	217
	218
	219
	219
	222
	224
	224
	225
	225
	227
	228
	230
	230
	230
	232
	232
	233
	234
	234
	235
	235
	235
	235
	236
	236
	236
	238
	238
	239
	239
	239
	240
	240
	240
	243
	244
	247
	247
	250
	251
	251
	256
	257
	257
	258
	259
	260
	261
	261
	262
	263
	263
	265
	265
	267
	267
	267
	268
	270
	270
	270
	271
	272
	272
	273
	273
	277
	277
	278
	282
	284
	284
	284
	284
	290
	290
	290
	290
	290
	291
	293
	297
	297
	298
	299
	301
	302
	303
	304
	306
	306
	307
	308
	309
	309
	310
	312
	312
	312
	313
	313
	315
	315
	316
	316
	317
	317
	319
	320
	321
	324
	324
	328
	331
	340
	341
	341
	342
	342
	342
	342
	344
	345
	345
	346
	348
	349
	352
	353
	353
	354
	355
	355
	356
	357
	358
	360
	363
	363
	365
	368
	368
	368
	370
	370
	372
	372
	373
	374
	376
	376
	376
	378
	379
	381
	387
	389
	392
	393
	393
	394
	396
	396
	400
	400
	402
	402
	402
	404
	404
	406
	407
	411
	414
	415
	418
	418
	423
	423
	426
	427
	429
	431
	432
	433
	435
	436
	443
	444
	448
	450
	454
	456
	456
	457
	461
	466
	470
	470
	472
	476
	483
	485
	487
	493
	509
	510
	513
	523
	523
	524
	525
	525
	532
	535
	539
	540
	547
	547
	552
	554
	555
	556
	558
	560
	560
	568
	573
	575
	576
	585
	602
	603
	607
	611
	612
	612
	624
	624
	627
	627
	628
	633
	642
	642
	644
	647
	649
	656
	664
	667
	678
	682
	687
	687
	688
	688
	695
	696
	697
	701
	703
	705
	711
	715
	725
	725
	730
	731
	737
	740
	750
	754
	758
	761
	762
	785
	787
	792
	797
	804
	816
	816
	825
	843
	850
	862
	888
	888
	900
	901
	909
	922
	1032
	1073
	1088
	1102
	1116
	1140
	1188
	1205
	1205
	1219
	1277
	1289
	1294
	1341
	1374
	1435
	1758
	1758
	2489
